{"cameraMode":{"drawMode":2,"name":"Shaded Wireframe","section":"Shading Mode"},"sceneLighting":true,"audioPlay":false,"sceneViewState":{"showFog":true,"showMaterialUpdate":false,"showSkybox":true,"showFlares":true,"showImageEffects":true,"showParticleSystems":true},"in2DMode":false,"pivot":{"x":-24.320232391357423,"y":-2.1907830238342287,"z":-16.8491268157959},"rotation":{"x":0.0038731617387384178,"y":0.8606716990470886,"z":0.006063626613467932,"w":-0.5093021392822266},"size":28.59082794189453,"orthographic":false}