{"cameraMode":{"drawMode":0,"name":"Shaded","section":"Shading Mode"},"sceneLighting":false,"audioPlay":false,"sceneViewState":{"showFog":true,"showMaterialUpdate":false,"showSkybox":false,"showFlares":true,"showImageEffects":true,"showParticleSystems":true},"in2DMode":false,"pivot":{"x":-21.78099822998047,"y":7.144004821777344,"z":-18.775896072387697},"rotation":{"x":-0.18371444940567017,"y":-0.21280330419540406,"z":0.04077319800853729,"w":-0.9588160514831543},"size":4.041658401489258,"orthographic":false}